reference_date,team,country_code,confederation,rank,previous_rank,points,previous_points,matches,source,source_url,source_api_url,source_schedule_id,collection_status,collected_at
2026-06-11,Argentina,ARG,CONMEBOL,1,3,1877.27,1874.81,49,FIFA/Coca-Cola Men's World Ranking,https://inside.fifa.com/fifa-world-ranking/men,https://api.fifa.com/api/v3/rankings/?gender=1&count=300&language=en,id15136,ok,2026-06-15T14:12:31-0300
2026-06-11,Spain,ESP,UEFA,2,2,1874.71,1876.4,48,FIFA/Coca-Cola Men's World Ranking,https://inside.fifa.com/fifa-world-ranking/men,https://api.fifa.com/api/v3/rankings/?gender=1&count=300&language=en,id15136,ok,2026-06-15T14:12:31-0300
2026-06-11,France,FRA,UEFA,3,1,1870.7,1877.32,49,FIFA/Coca-Cola Men's World Ranking,https://inside.fifa.com/fifa-world-ranking/men,https://api.fifa.com/api/v3/rankings/?gender=1&count=300&language=en,id15136,ok,2026-06-15T14:12:31-0300
2026-06-11,England,ENG,UEFA,4,4,1828.02,1825.97,50,FIFA/Coca-Cola Men's World Ranking,https://inside.fifa.com/fifa-world-ranking/men,https://api.fifa.com/api/v3/rankings/?gender=1&count=300&language=en,id15136,ok,2026-06-15T14:12:31-0300
2026-06-11,Portugal,POR,UEFA,5,5,1767.85,1763.83,48,FIFA/Coca-Cola Men's World Ranking,https://inside.fifa.com/fifa-world-ranking/men,https://api.fifa.com/api/v3/rankings/?gender=1&count=300&language=en,id15136,ok,2026-06-15T14:12:31-0300
2026-06-11,Brazil,BRA,CONMEBOL,6,6,1765.86,1761.16,44,FIFA/Coca-Cola Men's World Ranking,https://inside.fifa.com/fifa-world-ranking/men,https://api.fifa.com/api/v3/rankings/?gender=1&count=300&language=en,id15136,ok,2026-06-15T14:12:31-0300
2026-06-11,Morocco,MAR,CAF,7,8,1755.1,1755.87,69,FIFA/Coca-Cola Men's World Ranking,https://inside.fifa.com/fifa-world-ranking/men,https://api.fifa.com/api/v3/rankings/?gender=1&count=300&language=en,id15136,ok,2026-06-15T14:12:31-0300
2026-06-11,Netherlands,NED,UEFA,8,7,1753.57,1757.87,49,FIFA/Coca-Cola Men's World Ranking,https://inside.fifa.com/fifa-world-ranking/men,https://api.fifa.com/api/v3/rankings/?gender=1&count=300&language=en,id15136,ok,2026-06-15T14:12:31-0300
2026-06-11,Belgium,BEL,UEFA,9,9,1742.24,1734.71,46,FIFA/Coca-Cola Men's World Ranking,https://inside.fifa.com/fifa-world-ranking/men,https://api.fifa.com/api/v3/rankings/?gender=1&count=300&language=en,id15136,ok,2026-06-15T14:12:31-0300
2026-06-11,Germany,GER,UEFA,10,10,1735.77,1730.37,47,FIFA/Coca-Cola Men's World Ranking,https://inside.fifa.com/fifa-world-ranking/men,https://api.fifa.com/api/v3/rankings/?gender=1&count=300&language=en,id15136,ok,2026-06-15T14:12:31-0300
2026-06-11,Croatia,CRO,UEFA,11,11,1714.87,1717.07,48,FIFA/Coca-Cola Men's World Ranking,https://inside.fifa.com/fifa-world-ranking/men,https://api.fifa.com/api/v3/rankings/?gender=1&count=300&language=en,id15136,ok,2026-06-15T14:12:31-0300
2026-06-11,Italy,ITA,UEFA,12,12,1704.73,1700.37,44,FIFA/Coca-Cola Men's World Ranking,https://inside.fifa.com/fifa-world-ranking/men,https://api.fifa.com/api/v3/rankings/?gender=1&count=300&language=en,id15136,ok,2026-06-15T14:12:31-0300
2026-06-11,Colombia,COL,CONMEBOL,13,13,1698.35,1693.09,46,FIFA/Coca-Cola Men's World Ranking,https://inside.fifa.com/fifa-world-ranking/men,https://api.fifa.com/api/v3/rankings/?gender=1&count=300&language=en,id15136,ok,2026-06-15T14:12:31-0300
2026-06-11,Mexico,MEX,CONCACAF,14,15,1687.48,1681.03,66,FIFA/Coca-Cola Men's World Ranking,https://inside.fifa.com/fifa-world-ranking/men,https://api.fifa.com/api/v3/rankings/?gender=1&count=300&language=en,id15136,ok,2026-06-15T14:12:31-0300
2026-06-11,Senegal,SEN,CAF,15,14,1684.07,1688.99,71,FIFA/Coca-Cola Men's World Ranking,https://inside.fifa.com/fifa-world-ranking/men,https://api.fifa.com/api/v3/rankings/?gender=1&count=300&language=en,id15136,ok,2026-06-15T14:12:31-0300
2026-06-11,Uruguay,URU,CONMEBOL,16,17,1673.07,1673.07,41,FIFA/Coca-Cola Men's World Ranking,https://inside.fifa.com/fifa-world-ranking/men,https://api.fifa.com/api/v3/rankings/?gender=1&count=300&language=en,id15136,ok,2026-06-15T14:12:31-0300
2026-06-11,USA,USA,CONCACAF,17,16,1671.23,1673.13,61,FIFA/Coca-Cola Men's World Ranking,https://inside.fifa.com/fifa-world-ranking/men,https://api.fifa.com/api/v3/rankings/?gender=1&count=300&language=en,id15136,ok,2026-06-15T14:12:31-0300
2026-06-11,Japan,JPN,AFC,18,18,1661.58,1660.43,53,FIFA/Coca-Cola Men's World Ranking,https://inside.fifa.com/fifa-world-ranking/men,https://api.fifa.com/api/v3/rankings/?gender=1&count=300&language=en,id15136,ok,2026-06-15T14:12:31-0300
2026-06-11,Switzerland,SUI,UEFA,19,19,1650.06,1649.4,47,FIFA/Coca-Cola Men's World Ranking,https://inside.fifa.com/fifa-world-ranking/men,https://api.fifa.com/api/v3/rankings/?gender=1&count=300&language=en,id15136,ok,2026-06-15T14:12:31-0300
2026-06-11,IR Iran,IRN,AFC,20,21,1619.58,1615.3,48,FIFA/Coca-Cola Men's World Ranking,https://inside.fifa.com/fifa-world-ranking/men,https://api.fifa.com/api/v3/rankings/?gender=1&count=300&language=en,id15136,ok,2026-06-15T14:12:31-0300
2026-06-11,Denmark,DEN,UEFA,21,20,1619.47,1620.81,43,FIFA/Coca-Cola Men's World Ranking,https://inside.fifa.com/fifa-world-ranking/men,https://api.fifa.com/api/v3/rankings/?gender=1&count=300&language=en,id15136,ok,2026-06-15T14:12:31-0300
2026-06-11,Türkiye,TUR,UEFA,22,22,1605.73,1599.04,45,FIFA/Coca-Cola Men's World Ranking,https://inside.fifa.com/fifa-world-ranking/men,https://api.fifa.com/api/v3/rankings/?gender=1&count=300&language=en,id15136,ok,2026-06-15T14:12:31-0300
2026-06-11,Ecuador,ECU,CONMEBOL,23,23,1598.52,1594.78,46,FIFA/Coca-Cola Men's World Ranking,https://inside.fifa.com/fifa-world-ranking/men,https://api.fifa.com/api/v3/rankings/?gender=1&count=300&language=en,id15136,ok,2026-06-15T14:12:31-0300
2026-06-11,Austria,AUT,UEFA,24,24,1597.4,1593.45,42,FIFA/Coca-Cola Men's World Ranking,https://inside.fifa.com/fifa-world-ranking/men,https://api.fifa.com/api/v3/rankings/?gender=1&count=300&language=en,id15136,ok,2026-06-15T14:12:31-0300
2026-06-11,Korea Republic,KOR,AFC,25,25,1591.63,1588.66,55,FIFA/Coca-Cola Men's World Ranking,https://inside.fifa.com/fifa-world-ranking/men,https://api.fifa.com/api/v3/rankings/?gender=1&count=300&language=en,id15136,ok,2026-06-15T14:12:31-0300
2026-06-11,Nigeria,NGA,CAF,26,26,1585.02,1585.09,61,FIFA/Coca-Cola Men's World Ranking,https://inside.fifa.com/fifa-world-ranking/men,https://api.fifa.com/api/v3/rankings/?gender=1&count=300&language=en,id15136,ok,2026-06-15T14:12:31-0300
2026-06-11,Australia,AUS,AFC,27,27,1579.34,1580.67,45,FIFA/Coca-Cola Men's World Ranking,https://inside.fifa.com/fifa-world-ranking/men,https://api.fifa.com/api/v3/rankings/?gender=1&count=300&language=en,id15136,ok,2026-06-15T14:12:31-0300
2026-06-11,Algeria,ALG,CAF,28,28,1571.03,1564.26,64,FIFA/Coca-Cola Men's World Ranking,https://inside.fifa.com/fifa-world-ranking/men,https://api.fifa.com/api/v3/rankings/?gender=1&count=300&language=en,id15136,ok,2026-06-15T14:12:31-0300
2026-06-11,Egypt,EGY,CAF,29,29,1562.37,1563.24,53,FIFA/Coca-Cola Men's World Ranking,https://inside.fifa.com/fifa-world-ranking/men,https://api.fifa.com/api/v3/rankings/?gender=1&count=300&language=en,id15136,ok,2026-06-15T14:12:31-0300
2026-06-11,Canada,CAN,CONCACAF,30,30,1559.48,1556.48,50,FIFA/Coca-Cola Men's World Ranking,https://inside.fifa.com/fifa-world-ranking/men,https://api.fifa.com/api/v3/rankings/?gender=1&count=300&language=en,id15136,ok,2026-06-15T14:12:31-0300
2026-06-11,Norway,NOR,UEFA,31,31,1557.44,1550.94,39,FIFA/Coca-Cola Men's World Ranking,https://inside.fifa.com/fifa-world-ranking/men,https://api.fifa.com/api/v3/rankings/?gender=1&count=300&language=en,id15136,ok,2026-06-15T14:12:31-0300
2026-06-11,Ukraine,UKR,UEFA,32,32,1549.29,1546.88,40,FIFA/Coca-Cola Men's World Ranking,https://inside.fifa.com/fifa-world-ranking/men,https://api.fifa.com/api/v3/rankings/?gender=1&count=300&language=en,id15136,ok,2026-06-15T14:12:31-0300
2026-06-11,Côte d'Ivoire,CIV,CAF,33,34,1540.87,1532.98,56,FIFA/Coca-Cola Men's World Ranking,https://inside.fifa.com/fifa-world-ranking/men,https://api.fifa.com/api/v3/rankings/?gender=1&count=300&language=en,id15136,ok,2026-06-15T14:12:31-0300
2026-06-11,Panama,PAN,CONCACAF,34,33,1539.16,1540.64,52,FIFA/Coca-Cola Men's World Ranking,https://inside.fifa.com/fifa-world-ranking/men,https://api.fifa.com/api/v3/rankings/?gender=1&count=300&language=en,id15136,ok,2026-06-15T14:12:31-0300
2026-06-11,Russia,RUS,UEFA,35,36,1529.6,1525.6,27,FIFA/Coca-Cola Men's World Ranking,https://inside.fifa.com/fifa-world-ranking/men,https://api.fifa.com/api/v3/rankings/?gender=1&count=300&language=en,id15136,ok,2026-06-15T14:12:31-0300
2026-06-11,Poland,POL,UEFA,36,35,1526.18,1528,46,FIFA/Coca-Cola Men's World Ranking,https://inside.fifa.com/fifa-world-ranking/men,https://api.fifa.com/api/v3/rankings/?gender=1&count=300&language=en,id15136,ok,2026-06-15T14:12:31-0300
2026-06-11,Wales,WAL,UEFA,37,37,1516.95,1524.29,41,FIFA/Coca-Cola Men's World Ranking,https://inside.fifa.com/fifa-world-ranking/men,https://api.fifa.com/api/v3/rankings/?gender=1&count=300&language=en,id15136,ok,2026-06-15T14:12:31-0300
2026-06-11,Sweden,SWE,UEFA,38,38,1509.79,1514.77,42,FIFA/Coca-Cola Men's World Ranking,https://inside.fifa.com/fifa-world-ranking/men,https://api.fifa.com/api/v3/rankings/?gender=1&count=300&language=en,id15136,ok,2026-06-15T14:12:31-0300
2026-06-11,Hungary,HUN,UEFA,39,42,1506.39,1500.58,43,FIFA/Coca-Cola Men's World Ranking,https://inside.fifa.com/fifa-world-ranking/men,https://api.fifa.com/api/v3/rankings/?gender=1&count=300&language=en,id15136,ok,2026-06-15T14:12:31-0300
2026-06-11,Czechia,CZE,UEFA,40,41,1505.74,1501.38,42,FIFA/Coca-Cola Men's World Ranking,https://inside.fifa.com/fifa-world-ranking/men,https://api.fifa.com/api/v3/rankings/?gender=1&count=300&language=en,id15136,ok,2026-06-15T14:12:31-0300
2026-06-11,Paraguay,PAR,CONMEBOL,41,40,1505.35,1503.5,38,FIFA/Coca-Cola Men's World Ranking,https://inside.fifa.com/fifa-world-ranking/men,https://api.fifa.com/api/v3/rankings/?gender=1&count=300&language=en,id15136,ok,2026-06-15T14:12:31-0300
2026-06-11,Scotland,SCO,UEFA,42,43,1503.34,1498.35,43,FIFA/Coca-Cola Men's World Ranking,https://inside.fifa.com/fifa-world-ranking/men,https://api.fifa.com/api/v3/rankings/?gender=1&count=300&language=en,id15136,ok,2026-06-15T14:12:31-0300
2026-06-11,Serbia,SRB,UEFA,43,39,1502.13,1508.65,45,FIFA/Coca-Cola Men's World Ranking,https://inside.fifa.com/fifa-world-ranking/men,https://api.fifa.com/api/v3/rankings/?gender=1&count=300&language=en,id15136,ok,2026-06-15T14:12:31-0300
2026-06-11,Cameroon,CMR,CAF,44,45,1481.24,1481.24,49,FIFA/Coca-Cola Men's World Ranking,https://inside.fifa.com/fifa-world-ranking/men,https://api.fifa.com/api/v3/rankings/?gender=1&count=300&language=en,id15136,ok,2026-06-15T14:12:31-0300
2026-06-11,Tunisia,TUN,CAF,45,44,1476.41,1483.05,50,FIFA/Coca-Cola Men's World Ranking,https://inside.fifa.com/fifa-world-ranking/men,https://api.fifa.com/api/v3/rankings/?gender=1&count=300&language=en,id15136,ok,2026-06-15T14:12:31-0300
2026-06-11,Congo DR,COD,CAF,46,46,1474.43,1478.35,54,FIFA/Coca-Cola Men's World Ranking,https://inside.fifa.com/fifa-world-ranking/men,https://api.fifa.com/api/v3/rankings/?gender=1&count=300&language=en,id15136,ok,2026-06-15T14:12:31-0300
2026-06-11,Slovakia,SVK,UEFA,47,48,1473.66,1473.94,43,FIFA/Coca-Cola Men's World Ranking,https://inside.fifa.com/fifa-world-ranking/men,https://api.fifa.com/api/v3/rankings/?gender=1&count=300&language=en,id15136,ok,2026-06-15T14:12:31-0300
2026-06-11,Greece,GRE,UEFA,48,47,1473.19,1475.82,39,FIFA/Coca-Cola Men's World Ranking,https://inside.fifa.com/fifa-world-ranking/men,https://api.fifa.com/api/v3/rankings/?gender=1&count=300&language=en,id15136,ok,2026-06-15T14:12:31-0300
2026-06-11,Venezuela,VEN,CONMEBOL,49,49,1469.18,1468.05,41,FIFA/Coca-Cola Men's World Ranking,https://inside.fifa.com/fifa-world-ranking/men,https://api.fifa.com/api/v3/rankings/?gender=1&count=300&language=en,id15136,ok,2026-06-15T14:12:31-0300
2026-06-11,Uzbekistan,UZB,AFC,50,50,1458.73,1465.34,46,FIFA/Coca-Cola Men's World Ranking,https://inside.fifa.com/fifa-world-ranking/men,https://api.fifa.com/api/v3/rankings/?gender=1&count=300&language=en,id15136,ok,2026-06-15T14:12:31-0300
2026-06-11,Chile,CHI,CONMEBOL,51,54,1458.2,1455.28,41,FIFA/Coca-Cola Men's World Ranking,https://inside.fifa.com/fifa-world-ranking/men,https://api.fifa.com/api/v3/rankings/?gender=1&count=300&language=en,id15136,ok,2026-06-15T14:12:31-0300
2026-06-11,Peru,PER,CONMEBOL,52,53,1457.69,1455.87,41,FIFA/Coca-Cola Men's World Ranking,https://inside.fifa.com/fifa-world-ranking/men,https://api.fifa.com/api/v3/rankings/?gender=1&count=300&language=en,id15136,ok,2026-06-15T14:12:31-0300
2026-06-11,Costa Rica,CRC,CONCACAF,53,51,1456.03,1459.9,49,FIFA/Coca-Cola Men's World Ranking,https://inside.fifa.com/fifa-world-ranking/men,https://api.fifa.com/api/v3/rankings/?gender=1&count=300&language=en,id15136,ok,2026-06-15T14:12:31-0300
2026-06-11,Romania,ROU,UEFA,54,56,1455.89,1451.16,44,FIFA/Coca-Cola Men's World Ranking,https://inside.fifa.com/fifa-world-ranking/men,https://api.fifa.com/api/v3/rankings/?gender=1&count=300&language=en,id15136,ok,2026-06-15T14:12:31-0300
2026-06-11,Mali,MLI,CAF,55,52,1455.59,1459.13,49,FIFA/Coca-Cola Men's World Ranking,https://inside.fifa.com/fifa-world-ranking/men,https://api.fifa.com/api/v3/rankings/?gender=1&count=300&language=en,id15136,ok,2026-06-15T14:12:31-0300
2026-06-11,Qatar,QAT,AFC,56,55,1450.31,1454.96,59,FIFA/Coca-Cola Men's World Ranking,https://inside.fifa.com/fifa-world-ranking/men,https://api.fifa.com/api/v3/rankings/?gender=1&count=300&language=en,id15136,ok,2026-06-15T14:12:31-0300
2026-06-11,Iraq,IRQ,AFC,57,57,1446.28,1447.14,53,FIFA/Coca-Cola Men's World Ranking,https://inside.fifa.com/fifa-world-ranking/men,https://api.fifa.com/api/v3/rankings/?gender=1&count=300&language=en,id15136,ok,2026-06-15T14:12:31-0300
2026-06-11,Republic of Ireland,IRL,UEFA,58,59,1441.1,1436.63,41,FIFA/Coca-Cola Men's World Ranking,https://inside.fifa.com/fifa-world-ranking/men,https://api.fifa.com/api/v3/rankings/?gender=1&count=300&language=en,id15136,ok,2026-06-15T14:12:31-0300
2026-06-11,Slovenia,SVN,UEFA,59,58,1441.09,1446.44,43,FIFA/Coca-Cola Men's World Ranking,https://inside.fifa.com/fifa-world-ranking/men,https://api.fifa.com/api/v3/rankings/?gender=1&count=300&language=en,id15136,ok,2026-06-15T14:12:31-0300
2026-06-11,South Africa,RSA,CAF,60,60,1428.38,1429.73,67,FIFA/Coca-Cola Men's World Ranking,https://inside.fifa.com/fifa-world-ranking/men,https://api.fifa.com/api/v3/rankings/?gender=1&count=300&language=en,id15136,ok,2026-06-15T14:12:31-0300
2026-06-11,Saudi Arabia,KSA,AFC,61,61,1423.88,1421.43,63,FIFA/Coca-Cola Men's World Ranking,https://inside.fifa.com/fifa-world-ranking/men,https://api.fifa.com/api/v3/rankings/?gender=1&count=300&language=en,id15136,ok,2026-06-15T14:12:31-0300
2026-06-11,Burkina Faso,BFA,CAF,62,62,1406.99,1412.49,51,FIFA/Coca-Cola Men's World Ranking,https://inside.fifa.com/fifa-world-ranking/men,https://api.fifa.com/api/v3/rankings/?gender=1&count=300&language=en,id15136,ok,2026-06-15T14:12:31-0300
2026-06-11,Jordan,JOR,AFC,63,63,1387.74,1391.45,50,FIFA/Coca-Cola Men's World Ranking,https://inside.fifa.com/fifa-world-ranking/men,https://api.fifa.com/api/v3/rankings/?gender=1&count=300&language=en,id15136,ok,2026-06-15T14:12:31-0300
2026-06-11,Bosnia and Herzegovina,BIH,UEFA,64,65,1387.22,1385.84,37,FIFA/Coca-Cola Men's World Ranking,https://inside.fifa.com/fifa-world-ranking/men,https://api.fifa.com/api/v3/rankings/?gender=1&count=300&language=en,id15136,ok,2026-06-15T14:12:31-0300
2026-06-11,Honduras,HON,CONCACAF,65,66,1378.97,1380.27,47,FIFA/Coca-Cola Men's World Ranking,https://inside.fifa.com/fifa-world-ranking/men,https://api.fifa.com/api/v3/rankings/?gender=1&count=300&language=en,id15136,ok,2026-06-15T14:12:31-0300
2026-06-11,Albania,ALB,UEFA,66,64,1376.03,1388.06,42,FIFA/Coca-Cola Men's World Ranking,https://inside.fifa.com/fifa-world-ranking/men,https://api.fifa.com/api/v3/rankings/?gender=1&count=300&language=en,id15136,ok,2026-06-15T14:12:31-0300
2026-06-11,Cabo Verde,CPV,CAF,67,69,1371.11,1366.13,43,FIFA/Coca-Cola Men's World Ranking,https://inside.fifa.com/fifa-world-ranking/men,https://api.fifa.com/api/v3/rankings/?gender=1&count=300&language=en,id15136,ok,2026-06-15T14:12:31-0300
2026-06-11,United Arab Emirates,UAE,AFC,68,68,1370.47,1370.47,48,FIFA/Coca-Cola Men's World Ranking,https://inside.fifa.com/fifa-world-ranking/men,https://api.fifa.com/api/v3/rankings/?gender=1&count=300&language=en,id15136,ok,2026-06-15T14:12:31-0300
2026-06-11,North Macedonia,MKD,UEFA,69,67,1369.16,1372.04,39,FIFA/Coca-Cola Men's World Ranking,https://inside.fifa.com/fifa-world-ranking/men,https://api.fifa.com/api/v3/rankings/?gender=1&count=300&language=en,id15136,ok,2026-06-15T14:12:31-0300
2026-06-11,Northern Ireland,NIR,UEFA,70,70,1365.3,1362.16,37,FIFA/Coca-Cola Men's World Ranking,https://inside.fifa.com/fifa-world-ranking/men,https://api.fifa.com/api/v3/rankings/?gender=1&count=300&language=en,id15136,ok,2026-06-15T14:12:31-0300
2026-06-11,Jamaica,JAM,CONCACAF,71,71,1357.84,1358,53,FIFA/Coca-Cola Men's World Ranking,https://inside.fifa.com/fifa-world-ranking/men,https://api.fifa.com/api/v3/rankings/?gender=1&count=300&language=en,id15136,ok,2026-06-15T14:12:31-0300
2026-06-11,Georgia,GEO,UEFA,72,72,1355.26,1350.18,41,FIFA/Coca-Cola Men's World Ranking,https://inside.fifa.com/fifa-world-ranking/men,https://api.fifa.com/api/v3/rankings/?gender=1&count=300&language=en,id15136,ok,2026-06-15T14:12:31-0300
2026-06-11,Ghana,GHA,CAF,73,74,1346.88,1346.31,53,FIFA/Coca-Cola Men's World Ranking,https://inside.fifa.com/fifa-world-ranking/men,https://api.fifa.com/api/v3/rankings/?gender=1&count=300&language=en,id15136,ok,2026-06-15T14:12:31-0300
2026-06-11,Iceland,ISL,UEFA,74,75,1342.77,1345.07,46,FIFA/Coca-Cola Men's World Ranking,https://inside.fifa.com/fifa-world-ranking/men,https://api.fifa.com/api/v3/rankings/?gender=1&count=300&language=en,id15136,ok,2026-06-15T14:12:31-0300
2026-06-11,Finland,FIN,UEFA,75,73,1341.92,1346.41,42,FIFA/Coca-Cola Men's World Ranking,https://inside.fifa.com/fifa-world-ranking/men,https://api.fifa.com/api/v3/rankings/?gender=1&count=300&language=en,id15136,ok,2026-06-15T14:12:31-0300
2026-06-11,Israel,ISR,UEFA,76,77,1333.9,1328.33,36,FIFA/Coca-Cola Men's World Ranking,https://inside.fifa.com/fifa-world-ranking/men,https://api.fifa.com/api/v3/rankings/?gender=1&count=300&language=en,id15136,ok,2026-06-15T14:12:31-0300
2026-06-11,Bolivia,BOL,CONMEBOL,77,76,1326,1329.42,42,FIFA/Coca-Cola Men's World Ranking,https://inside.fifa.com/fifa-world-ranking/men,https://api.fifa.com/api/v3/rankings/?gender=1&count=300&language=en,id15136,ok,2026-06-15T14:12:31-0300
2026-06-11,Kosovo,KOS,UEFA,78,78,1319.12,1318.83,38,FIFA/Coca-Cola Men's World Ranking,https://inside.fifa.com/fifa-world-ranking/men,https://api.fifa.com/api/v3/rankings/?gender=1&count=300&language=en,id15136,ok,2026-06-15T14:12:31-0300
2026-06-11,Oman,OMA,AFC,79,79,1306.9,1313.46,56,FIFA/Coca-Cola Men's World Ranking,https://inside.fifa.com/fifa-world-ranking/men,https://api.fifa.com/api/v3/rankings/?gender=1&count=300&language=en,id15136,ok,2026-06-15T14:12:31-0300
2026-06-11,Montenegro,MNE,UEFA,80,81,1301.98,1295.52,40,FIFA/Coca-Cola Men's World Ranking,https://inside.fifa.com/fifa-world-ranking/men,https://api.fifa.com/api/v3/rankings/?gender=1&count=300&language=en,id15136,ok,2026-06-15T14:12:31-0300
2026-06-11,Guinea,GUI,CAF,81,80,1295.6,1300.01,46,FIFA/Coca-Cola Men's World Ranking,https://inside.fifa.com/fifa-world-ranking/men,https://api.fifa.com/api/v3/rankings/?gender=1&count=300&language=en,id15136,ok,2026-06-15T14:12:31-0300
2026-06-11,Curaçao,CUW,CONCACAF,82,82,1294.77,1294.65,31,FIFA/Coca-Cola Men's World Ranking,https://inside.fifa.com/fifa-world-ranking/men,https://api.fifa.com/api/v3/rankings/?gender=1&count=300&language=en,id15136,ok,2026-06-15T14:12:31-0300
2026-06-11,Haiti,HAI,CONCACAF,83,83,1293.1,1291.71,33,FIFA/Coca-Cola Men's World Ranking,https://inside.fifa.com/fifa-world-ranking/men,https://api.fifa.com/api/v3/rankings/?gender=1&count=300&language=en,id15136,ok,2026-06-15T14:12:31-0300
2026-06-11,Syria,SYR,AFC,84,84,1283.05,1288.56,39,FIFA/Coca-Cola Men's World Ranking,https://inside.fifa.com/fifa-world-ranking/men,https://api.fifa.com/api/v3/rankings/?gender=1&count=300&language=en,id15136,ok,2026-06-15T14:12:31-0300
2026-06-11,New Zealand,NZL,OFC,85,85,1275.58,1281.57,36,FIFA/Coca-Cola Men's World Ranking,https://inside.fifa.com/fifa-world-ranking/men,https://api.fifa.com/api/v3/rankings/?gender=1&count=300&language=en,id15136,ok,2026-06-15T14:12:31-0300
2026-06-11,Gabon,GAB,CAF,86,87,1272.51,1272.51,34,FIFA/Coca-Cola Men's World Ranking,https://inside.fifa.com/fifa-world-ranking/men,https://api.fifa.com/api/v3/rankings/?gender=1&count=300&language=en,id15136,ok,2026-06-15T14:12:31-0300
2026-06-11,Bulgaria,BUL,UEFA,87,86,1271.68,1278.9,39,FIFA/Coca-Cola Men's World Ranking,https://inside.fifa.com/fifa-world-ranking/men,https://api.fifa.com/api/v3/rankings/?gender=1&count=300&language=en,id15136,ok,2026-06-15T14:12:31-0300
2026-06-11,Angola,ANG,CAF,88,89,1265.58,1263.1,63,FIFA/Coca-Cola Men's World Ranking,https://inside.fifa.com/fifa-world-ranking/men,https://api.fifa.com/api/v3/rankings/?gender=1&count=300&language=en,id15136,ok,2026-06-15T14:12:31-0300
2026-06-11,Uganda,UGA,CAF,89,88,1264.09,1264.09,46,FIFA/Coca-Cola Men's World Ranking,https://inside.fifa.com/fifa-world-ranking/men,https://api.fifa.com/api/v3/rankings/?gender=1&count=300&language=en,id15136,ok,2026-06-15T14:12:31-0300
2026-06-11,Zambia,ZAM,CAF,90,92,1255.82,1255.82,53,FIFA/Coca-Cola Men's World Ranking,https://inside.fifa.com/fifa-world-ranking/men,https://api.fifa.com/api/v3/rankings/?gender=1&count=300&language=en,id15136,ok,2026-06-15T14:12:31-0300
2026-06-11,China PR,CHN,AFC,91,94,1254.81,1251.6,39,FIFA/Coca-Cola Men's World Ranking,https://inside.fifa.com/fifa-world-ranking/men,https://api.fifa.com/api/v3/rankings/?gender=1&count=300&language=en,id15136,ok,2026-06-15T14:12:31-0300
2026-06-11,Bahrain,BHR,AFC,92,91,1254.41,1258.53,50,FIFA/Coca-Cola Men's World Ranking,https://inside.fifa.com/fifa-world-ranking/men,https://api.fifa.com/api/v3/rankings/?gender=1&count=300&language=en,id15136,ok,2026-06-15T14:12:31-0300
2026-06-11,Benin,BEN,CAF,93,90,1252.17,1258.98,40,FIFA/Coca-Cola Men's World Ranking,https://inside.fifa.com/fifa-world-ranking/men,https://api.fifa.com/api/v3/rankings/?gender=1&count=300&language=en,id15136,ok,2026-06-15T14:12:31-0300
2026-06-11,Thailand,THA,AFC,94,93,1250.8,1252.14,59,FIFA/Coca-Cola Men's World Ranking,https://inside.fifa.com/fifa-world-ranking/men,https://api.fifa.com/api/v3/rankings/?gender=1&count=300&language=en,id15136,ok,2026-06-15T14:12:31-0300
2026-06-11,Palestine,PLE,AFC,95,95,1243.71,1244.73,35,FIFA/Coca-Cola Men's World Ranking,https://inside.fifa.com/fifa-world-ranking/men,https://api.fifa.com/api/v3/rankings/?gender=1&count=300&language=en,id15136,ok,2026-06-15T14:12:31-0300
2026-06-11,Belarus,BLR,UEFA,96,97,1242.88,1235.82,39,FIFA/Coca-Cola Men's World Ranking,https://inside.fifa.com/fifa-world-ranking/men,https://api.fifa.com/api/v3/rankings/?gender=1&count=300&language=en,id15136,ok,2026-06-15T14:12:31-0300
2026-06-11,Guatemala,GUA,CONCACAF,97,96,1238.74,1243.47,48,FIFA/Coca-Cola Men's World Ranking,https://inside.fifa.com/fifa-world-ranking/men,https://api.fifa.com/api/v3/rankings/?gender=1&count=300&language=en,id15136,ok,2026-06-15T14:12:31-0300
2026-06-11,Luxembourg,LUX,UEFA,98,98,1232.82,1227.77,40,FIFA/Coca-Cola Men's World Ranking,https://inside.fifa.com/fifa-world-ranking/men,https://api.fifa.com/api/v3/rankings/?gender=1&count=300&language=en,id15136,ok,2026-06-15T14:12:31-0300
2026-06-11,Vietnam,VIE,AFC,99,99,1225.68,1225.68,44,FIFA/Coca-Cola Men's World Ranking,https://inside.fifa.com/fifa-world-ranking/men,https://api.fifa.com/api/v3/rankings/?gender=1&count=300&language=en,id15136,ok,2026-06-15T14:12:31-0300
2026-06-11,El Salvador,SLV,CONCACAF,100,100,1225.34,1225.26,37,FIFA/Coca-Cola Men's World Ranking,https://inside.fifa.com/fifa-world-ranking/men,https://api.fifa.com/api/v3/rankings/?gender=1&count=300&language=en,id15136,ok,2026-06-15T14:12:31-0300
2026-06-11,Tajikistan,TJK,AFC,101,103,1224.19,1221.78,42,FIFA/Coca-Cola Men's World Ranking,https://inside.fifa.com/fifa-world-ranking/men,https://api.fifa.com/api/v3/rankings/?gender=1&count=300&language=en,id15136,ok,2026-06-15T14:12:31-0300
2026-06-11,Trinidad and Tobago,TRI,CONCACAF,102,102,1219.59,1222.94,43,FIFA/Coca-Cola Men's World Ranking,https://inside.fifa.com/fifa-world-ranking/men,https://api.fifa.com/api/v3/rankings/?gender=1&count=300&language=en,id15136,ok,2026-06-15T14:12:31-0300
2026-06-11,Mozambique,MOZ,CAF,103,101,1218.62,1224.31,53,FIFA/Coca-Cola Men's World Ranking,https://inside.fifa.com/fifa-world-ranking/men,https://api.fifa.com/api/v3/rankings/?gender=1&count=300&language=en,id15136,ok,2026-06-15T14:12:31-0300
2026-06-11,Madagascar,MAD,CAF,104,104,1202.69,1203.76,53,FIFA/Coca-Cola Men's World Ranking,https://inside.fifa.com/fifa-world-ranking/men,https://api.fifa.com/api/v3/rankings/?gender=1&count=300&language=en,id15136,ok,2026-06-15T14:12:31-0300
2026-06-11,Equatorial Guinea,EQG,CAF,105,105,1195.2,1195.2,43,FIFA/Coca-Cola Men's World Ranking,https://inside.fifa.com/fifa-world-ranking/men,https://api.fifa.com/api/v3/rankings/?gender=1&count=300&language=en,id15136,ok,2026-06-15T14:12:31-0300
2026-06-11,Kyrgyz Republic,KGZ,AFC,106,107,1192.16,1191.14,35,FIFA/Coca-Cola Men's World Ranking,https://inside.fifa.com/fifa-world-ranking/men,https://api.fifa.com/api/v3/rankings/?gender=1&count=300&language=en,id15136,ok,2026-06-15T14:12:31-0300
2026-06-11,Armenia,ARM,UEFA,107,106,1189.63,1191.42,39,FIFA/Coca-Cola Men's World Ranking,https://inside.fifa.com/fifa-world-ranking/men,https://api.fifa.com/api/v3/rankings/?gender=1&count=300&language=en,id15136,ok,2026-06-15T14:12:31-0300
2026-06-11,Comoros,COM,CAF,108,109,1187.91,1187.91,54,FIFA/Coca-Cola Men's World Ranking,https://inside.fifa.com/fifa-world-ranking/men,https://api.fifa.com/api/v3/rankings/?gender=1&count=300&language=en,id15136,ok,2026-06-15T14:12:31-0300
2026-06-11,Kenya,KEN,CAF,109,111,1185.08,1182.23,42,FIFA/Coca-Cola Men's World Ranking,https://inside.fifa.com/fifa-world-ranking/men,https://api.fifa.com/api/v3/rankings/?gender=1&count=300&language=en,id15136,ok,2026-06-15T14:12:31-0300
2026-06-11,Libya,LBY,CAF,110,112,1182.08,1182.08,36,FIFA/Coca-Cola Men's World Ranking,https://inside.fifa.com/fifa-world-ranking/men,https://api.fifa.com/api/v3/rankings/?gender=1&count=300&language=en,id15136,ok,2026-06-15T14:12:31-0300
2026-06-11,Kazakhstan,KAZ,UEFA,111,110,1180.78,1182.96,40,FIFA/Coca-Cola Men's World Ranking,https://inside.fifa.com/fifa-world-ranking/men,https://api.fifa.com/api/v3/rankings/?gender=1&count=300&language=en,id15136,ok,2026-06-15T14:12:31-0300
2026-06-11,Tanzania,TAN,CAF,112,113,1180.27,1180.27,46,FIFA/Coca-Cola Men's World Ranking,https://inside.fifa.com/fifa-world-ranking/men,https://api.fifa.com/api/v3/rankings/?gender=1&count=300&language=en,id15136,ok,2026-06-15T14:12:31-0300
2026-06-11,Mauritania,MTN,CAF,113,115,1176.68,1170.72,50,FIFA/Coca-Cola Men's World Ranking,https://inside.fifa.com/fifa-world-ranking/men,https://api.fifa.com/api/v3/rankings/?gender=1&count=300&language=en,id15136,ok,2026-06-15T14:12:31-0300
2026-06-11,Niger,NIG,CAF,114,114,1175.33,1179.66,46,FIFA/Coca-Cola Men's World Ranking,https://inside.fifa.com/fifa-world-ranking/men,https://api.fifa.com/api/v3/rankings/?gender=1&count=300&language=en,id15136,ok,2026-06-15T14:12:31-0300
2026-06-11,Lebanon,LBN,AFC,115,108,1172.22,1187.96,36,FIFA/Coca-Cola Men's World Ranking,https://inside.fifa.com/fifa-world-ranking/men,https://api.fifa.com/api/v3/rankings/?gender=1&count=300&language=en,id15136,ok,2026-06-15T14:12:31-0300
2026-06-11,The Gambia,GAM,CAF,116,116,1159.64,1160.38,35,FIFA/Coca-Cola Men's World Ranking,https://inside.fifa.com/fifa-world-ranking/men,https://api.fifa.com/api/v3/rankings/?gender=1&count=300&language=en,id15136,ok,2026-06-15T14:12:31-0300
2026-06-11,Sudan,SDN,CAF,117,117,1157.22,1157.22,47,FIFA/Coca-Cola Men's World Ranking,https://inside.fifa.com/fifa-world-ranking/men,https://api.fifa.com/api/v3/rankings/?gender=1&count=300&language=en,id15136,ok,2026-06-15T14:12:31-0300
2026-06-11,Indonesia,IDN,AFC,118,122,1157.14,1144.88,50,FIFA/Coca-Cola Men's World Ranking,https://inside.fifa.com/fifa-world-ranking/men,https://api.fifa.com/api/v3/rankings/?gender=1&count=300&language=en,id15136,ok,2026-06-15T14:12:31-0300
2026-06-11,Togo,TOG,CAF,119,121,1152.76,1147.31,34,FIFA/Coca-Cola Men's World Ranking,https://inside.fifa.com/fifa-world-ranking/men,https://api.fifa.com/api/v3/rankings/?gender=1&count=300&language=en,id15136,ok,2026-06-15T14:12:31-0300
2026-06-11,DPR Korea,PRK,AFC,120,118,1151.05,1151.05,17,FIFA/Coca-Cola Men's World Ranking,https://inside.fifa.com/fifa-world-ranking/men,https://api.fifa.com/api/v3/rankings/?gender=1&count=300&language=en,id15136,ok,2026-06-15T14:12:31-0300
2026-06-11,Namibia,NAM,CAF,121,120,1148.84,1148.84,40,FIFA/Coca-Cola Men's World Ranking,https://inside.fifa.com/fifa-world-ranking/men,https://api.fifa.com/api/v3/rankings/?gender=1&count=300&language=en,id15136,ok,2026-06-15T14:12:31-0300
2026-06-11,Sierra Leone,SLE,CAF,122,119,1147.56,1148.98,34,FIFA/Coca-Cola Men's World Ranking,https://inside.fifa.com/fifa-world-ranking/men,https://api.fifa.com/api/v3/rankings/?gender=1&count=300&language=en,id15136,ok,2026-06-15T14:12:31-0300
2026-06-11,Faroe Islands,FRO,UEFA,123,123,1136.59,1137.14,39,FIFA/Coca-Cola Men's World Ranking,https://inside.fifa.com/fifa-world-ranking/men,https://api.fifa.com/api/v3/rankings/?gender=1&count=300&language=en,id15136,ok,2026-06-15T14:12:31-0300
2026-06-11,Cyprus,CYP,UEFA,124,126,1133.25,1128.33,39,FIFA/Coca-Cola Men's World Ranking,https://inside.fifa.com/fifa-world-ranking/men,https://api.fifa.com/api/v3/rankings/?gender=1&count=300&language=en,id15136,ok,2026-06-15T14:12:31-0300
2026-06-11,Suriname,SUR,CONCACAF,125,125,1132.43,1132.43,27,FIFA/Coca-Cola Men's World Ranking,https://inside.fifa.com/fifa-world-ranking/men,https://api.fifa.com/api/v3/rankings/?gender=1&count=300&language=en,id15136,ok,2026-06-15T14:12:31-0300
2026-06-11,Azerbaijan,AZE,UEFA,126,124,1132,1136.67,38,FIFA/Coca-Cola Men's World Ranking,https://inside.fifa.com/fifa-world-ranking/men,https://api.fifa.com/api/v3/rankings/?gender=1&count=300&language=en,id15136,ok,2026-06-15T14:12:31-0300
2026-06-11,Estonia,EST,UEFA,127,129,1130.64,1121.1,43,FIFA/Coca-Cola Men's World Ranking,https://inside.fifa.com/fifa-world-ranking/men,https://api.fifa.com/api/v3/rankings/?gender=1&count=300&language=en,id15136,ok,2026-06-15T14:12:31-0300
2026-06-11,Rwanda,RWA,CAF,128,128,1126.62,1126.62,32,FIFA/Coca-Cola Men's World Ranking,https://inside.fifa.com/fifa-world-ranking/men,https://api.fifa.com/api/v3/rankings/?gender=1&count=300&language=en,id15136,ok,2026-06-15T14:12:31-0300
2026-06-11,Malawi,MWI,CAF,129,127,1122.05,1128.03,41,FIFA/Coca-Cola Men's World Ranking,https://inside.fifa.com/fifa-world-ranking/men,https://api.fifa.com/api/v3/rankings/?gender=1&count=300&language=en,id15136,ok,2026-06-15T14:12:31-0300
2026-06-11,Zimbabwe,ZIM,CAF,130,130,1119.78,1118.12,32,FIFA/Coca-Cola Men's World Ranking,https://inside.fifa.com/fifa-world-ranking/men,https://api.fifa.com/api/v3/rankings/?gender=1&count=300&language=en,id15136,ok,2026-06-15T14:12:31-0300
2026-06-11,Nicaragua,NCA,CONCACAF,131,131,1114.63,1115.13,35,FIFA/Coca-Cola Men's World Ranking,https://inside.fifa.com/fifa-world-ranking/men,https://api.fifa.com/api/v3/rankings/?gender=1&count=300&language=en,id15136,ok,2026-06-15T14:12:31-0300
2026-06-11,Guinea-Bissau,GNB,CAF,132,132,1108.38,1108.38,40,FIFA/Coca-Cola Men's World Ranking,https://inside.fifa.com/fifa-world-ranking/men,https://api.fifa.com/api/v3/rankings/?gender=1&count=300&language=en,id15136,ok,2026-06-15T14:12:31-0300
2026-06-11,Kuwait,KUW,AFC,133,134,1106.47,1105.1,50,FIFA/Coca-Cola Men's World Ranking,https://inside.fifa.com/fifa-world-ranking/men,https://api.fifa.com/api/v3/rankings/?gender=1&count=300&language=en,id15136,ok,2026-06-15T14:12:31-0300
2026-06-11,Congo,CGO,CAF,134,133,1105.96,1105.96,29,FIFA/Coca-Cola Men's World Ranking,https://inside.fifa.com/fifa-world-ranking/men,https://api.fifa.com/api/v3/rankings/?gender=1&count=300&language=en,id15136,ok,2026-06-15T14:12:31-0300
2026-06-11,Philippines,PHI,AFC,135,135,1100.95,1094.1,40,FIFA/Coca-Cola Men's World Ranking,https://inside.fifa.com/fifa-world-ranking/men,https://api.fifa.com/api/v3/rankings/?gender=1&count=300&language=en,id15136,ok,2026-06-15T14:12:31-0300
2026-06-11,Malaysia,MAS,AFC,136,138,1086.22,1086.22,47,FIFA/Coca-Cola Men's World Ranking,https://inside.fifa.com/fifa-world-ranking/men,https://api.fifa.com/api/v3/rankings/?gender=1&count=300&language=en,id15136,ok,2026-06-15T14:12:31-0300
2026-06-11,Latvia,LVA,UEFA,137,137,1085.66,1090.57,39,FIFA/Coca-Cola Men's World Ranking,https://inside.fifa.com/fifa-world-ranking/men,https://api.fifa.com/api/v3/rankings/?gender=1&count=300&language=en,id15136,ok,2026-06-15T14:12:31-0300
2026-06-11,India,IND,AFC,138,136,1084.93,1091.03,45,FIFA/Coca-Cola Men's World Ranking,https://inside.fifa.com/fifa-world-ranking/men,https://api.fifa.com/api/v3/rankings/?gender=1&count=300&language=en,id15136,ok,2026-06-15T14:12:31-0300
2026-06-11,Central African Republic,CTA,CAF,139,139,1080.82,1083.57,33,FIFA/Coca-Cola Men's World Ranking,https://inside.fifa.com/fifa-world-ranking/men,https://api.fifa.com/api/v3/rankings/?gender=1&count=300&language=en,id15136,ok,2026-06-15T14:12:31-0300
2026-06-11,Liberia,LBR,CAF,140,140,1080.44,1079.02,36,FIFA/Coca-Cola Men's World Ranking,https://inside.fifa.com/fifa-world-ranking/men,https://api.fifa.com/api/v3/rankings/?gender=1&count=300&language=en,id15136,ok,2026-06-15T14:12:31-0300
2026-06-11,Turkmenistan,TKM,AFC,141,141,1078.65,1078.65,23,FIFA/Coca-Cola Men's World Ranking,https://inside.fifa.com/fifa-world-ranking/men,https://api.fifa.com/api/v3/rankings/?gender=1&count=300&language=en,id15136,ok,2026-06-15T14:12:31-0300
2026-06-11,Burundi,BDI,CAF,142,142,1078.01,1078.01,32,FIFA/Coca-Cola Men's World Ranking,https://inside.fifa.com/fifa-world-ranking/men,https://api.fifa.com/api/v3/rankings/?gender=1&count=300&language=en,id15136,ok,2026-06-15T14:12:31-0300
2026-06-11,Ethiopia,ETH,CAF,143,144,1077.52,1071.55,37,FIFA/Coca-Cola Men's World Ranking,https://inside.fifa.com/fifa-world-ranking/men,https://api.fifa.com/api/v3/rankings/?gender=1&count=300&language=en,id15136,ok,2026-06-15T14:12:31-0300
2026-06-11,Dominican Republic,DOM,CONCACAF,144,143,1076.5,1077.95,32,FIFA/Coca-Cola Men's World Ranking,https://inside.fifa.com/fifa-world-ranking/men,https://api.fifa.com/api/v3/rankings/?gender=1&count=300&language=en,id15136,ok,2026-06-15T14:12:31-0300
2026-06-11,Yemen,YEM,AFC,145,149,1065.24,1049.49,26,FIFA/Coca-Cola Men's World Ranking,https://inside.fifa.com/fifa-world-ranking/men,https://api.fifa.com/api/v3/rankings/?gender=1&count=300&language=en,id15136,ok,2026-06-15T14:12:31-0300
2026-06-11,Lesotho,LES,CAF,146,145,1064.29,1067.13,43,FIFA/Coca-Cola Men's World Ranking,https://inside.fifa.com/fifa-world-ranking/men,https://api.fifa.com/api/v3/rankings/?gender=1&count=300&language=en,id15136,ok,2026-06-15T14:12:31-0300
2026-06-11,Botswana,BOT,CAF,147,146,1063.63,1063.63,46,FIFA/Coca-Cola Men's World Ranking,https://inside.fifa.com/fifa-world-ranking/men,https://api.fifa.com/api/v3/rankings/?gender=1&count=300&language=en,id15136,ok,2026-06-15T14:12:31-0300
2026-06-11,Singapore,SGP,AFC,148,147,1057.95,1059.53,44,FIFA/Coca-Cola Men's World Ranking,https://inside.fifa.com/fifa-world-ranking/men,https://api.fifa.com/api/v3/rankings/?gender=1&count=300&language=en,id15136,ok,2026-06-15T14:12:31-0300
2026-06-11,Lithuania,LTU,UEFA,149,148,1056.85,1058.42,40,FIFA/Coca-Cola Men's World Ranking,https://inside.fifa.com/fifa-world-ranking/men,https://api.fifa.com/api/v3/rankings/?gender=1&count=300&language=en,id15136,ok,2026-06-15T14:12:31-0300
2026-06-11,Guyana,GUY,CONCACAF,150,150,1049.32,1049.32,27,FIFA/Coca-Cola Men's World Ranking,https://inside.fifa.com/fifa-world-ranking/men,https://api.fifa.com/api/v3/rankings/?gender=1&count=300&language=en,id15136,ok,2026-06-15T14:12:31-0300
2026-06-11,New Caledonia,NCL,OFC,151,151,1036.95,1036.95,15,FIFA/Coca-Cola Men's World Ranking,https://inside.fifa.com/fifa-world-ranking/men,https://api.fifa.com/api/v3/rankings/?gender=1&count=300&language=en,id15136,ok,2026-06-15T14:12:31-0300
2026-06-11,St Kitts and Nevis,SKN,CONCACAF,152,152,1036.33,1036.33,22,FIFA/Coca-Cola Men's World Ranking,https://inside.fifa.com/fifa-world-ranking/men,https://api.fifa.com/api/v3/rankings/?gender=1&count=300&language=en,id15136,ok,2026-06-15T14:12:31-0300
2026-06-11,Solomon Islands,SOL,OFC,153,153,1031.89,1031.89,28,FIFA/Coca-Cola Men's World Ranking,https://inside.fifa.com/fifa-world-ranking/men,https://api.fifa.com/api/v3/rankings/?gender=1&count=300&language=en,id15136,ok,2026-06-15T14:12:31-0300
2026-06-11,Puerto Rico,PUR,CONCACAF,154,156,1024.3,1026.11,26,FIFA/Coca-Cola Men's World Ranking,https://inside.fifa.com/fifa-world-ranking/men,https://api.fifa.com/api/v3/rankings/?gender=1&count=300&language=en,id15136,ok,2026-06-15T14:12:31-0300
2026-06-11,Fiji,FIJ,OFC,155,154,1024.17,1029.7,28,FIFA/Coca-Cola Men's World Ranking,https://inside.fifa.com/fifa-world-ranking/men,https://api.fifa.com/api/v3/rankings/?gender=1&count=300&language=en,id15136,ok,2026-06-15T14:12:31-0300
2026-06-11,"Hong Kong, China",HKG,AFC,156,155,1024.16,1026.63,50,FIFA/Coca-Cola Men's World Ranking,https://inside.fifa.com/fifa-world-ranking/men,https://api.fifa.com/api/v3/rankings/?gender=1&count=300&language=en,id15136,ok,2026-06-15T14:12:31-0300
2026-06-11,Tahiti,TAH,OFC,157,157,1019.04,1019.04,12,FIFA/Coca-Cola Men's World Ranking,https://inside.fifa.com/fifa-world-ranking/men,https://api.fifa.com/api/v3/rankings/?gender=1&count=300&language=en,id15136,ok,2026-06-15T14:12:31-0300
2026-06-11,Myanmar,MYA,AFC,158,158,1010.91,1011.88,40,FIFA/Coca-Cola Men's World Ranking,https://inside.fifa.com/fifa-world-ranking/men,https://api.fifa.com/api/v3/rankings/?gender=1&count=300&language=en,id15136,ok,2026-06-15T14:12:31-0300
2026-06-11,Moldova,MDA,UEFA,159,159,1008.24,1004.16,39,FIFA/Coca-Cola Men's World Ranking,https://inside.fifa.com/fifa-world-ranking/men,https://api.fifa.com/api/v3/rankings/?gender=1&count=300&language=en,id15136,ok,2026-06-15T14:12:31-0300
2026-06-11,Vanuatu,VAN,OFC,160,160,1002.53,997.01,27,FIFA/Coca-Cola Men's World Ranking,https://inside.fifa.com/fifa-world-ranking/men,https://api.fifa.com/api/v3/rankings/?gender=1&count=300&language=en,id15136,ok,2026-06-15T14:12:31-0300
2026-06-11,Malta,MLT,UEFA,161,161,992.79,987.73,38,FIFA/Coca-Cola Men's World Ranking,https://inside.fifa.com/fifa-world-ranking/men,https://api.fifa.com/api/v3/rankings/?gender=1&count=300&language=en,id15136,ok,2026-06-15T14:12:31-0300
2026-06-11,Antigua and Barbuda,ATG,CONCACAF,162,162,986.58,986.58,20,FIFA/Coca-Cola Men's World Ranking,https://inside.fifa.com/fifa-world-ranking/men,https://api.fifa.com/api/v3/rankings/?gender=1&count=300&language=en,id15136,ok,2026-06-15T14:12:31-0300
2026-06-11,Grenada,GRN,CONCACAF,163,163,981.82,982.57,25,FIFA/Coca-Cola Men's World Ranking,https://inside.fifa.com/fifa-world-ranking/men,https://api.fifa.com/api/v3/rankings/?gender=1&count=300&language=en,id15136,ok,2026-06-15T14:12:31-0300
2026-06-11,Cuba,CUB,CONCACAF,164,164,981.42,981.42,26,FIFA/Coca-Cola Men's World Ranking,https://inside.fifa.com/fifa-world-ranking/men,https://api.fifa.com/api/v3/rankings/?gender=1&count=300&language=en,id15136,ok,2026-06-15T14:12:31-0300
2026-06-11,Eswatini,SWZ,CAF,165,165,979.01,979.01,43,FIFA/Coca-Cola Men's World Ranking,https://inside.fifa.com/fifa-world-ranking/men,https://api.fifa.com/api/v3/rankings/?gender=1&count=300&language=en,id15136,ok,2026-06-15T14:12:31-0300
2026-06-11,St Lucia,LCA,CONCACAF,166,167,976.71,976.71,18,FIFA/Coca-Cola Men's World Ranking,https://inside.fifa.com/fifa-world-ranking/men,https://api.fifa.com/api/v3/rankings/?gender=1&count=300&language=en,id15136,ok,2026-06-15T14:12:31-0300
2026-06-11,Bermuda,BER,CONCACAF,167,166,975.05,976.87,29,FIFA/Coca-Cola Men's World Ranking,https://inside.fifa.com/fifa-world-ranking/men,https://api.fifa.com/api/v3/rankings/?gender=1&count=300&language=en,id15136,ok,2026-06-15T14:12:31-0300
2026-06-11,Papua New Guinea,PNG,OFC,168,168,974.9,974.9,22,FIFA/Coca-Cola Men's World Ranking,https://inside.fifa.com/fifa-world-ranking/men,https://api.fifa.com/api/v3/rankings/?gender=1&count=300&language=en,id15136,ok,2026-06-15T14:12:31-0300
2026-06-11,South Sudan,SSD,CAF,169,170,970.94,970.94,33,FIFA/Coca-Cola Men's World Ranking,https://inside.fifa.com/fifa-world-ranking/men,https://api.fifa.com/api/v3/rankings/?gender=1&count=300&language=en,id15136,ok,2026-06-15T14:12:32-0300
2026-06-11,St Vincent and the Grenadines,VIN,CONCACAF,170,171,968.27,968.27,23,FIFA/Coca-Cola Men's World Ranking,https://inside.fifa.com/fifa-world-ranking/men,https://api.fifa.com/api/v3/rankings/?gender=1&count=300&language=en,id15136,ok,2026-06-15T14:12:32-0300
2026-06-11,Afghanistan,AFG,AFC,171,169,968.07,972.75,30,FIFA/Coca-Cola Men's World Ranking,https://inside.fifa.com/fifa-world-ranking/men,https://api.fifa.com/api/v3/rankings/?gender=1&count=300&language=en,id15136,ok,2026-06-15T14:12:32-0300
2026-06-11,Andorra,AND,UEFA,172,173,946.43,945.34,40,FIFA/Coca-Cola Men's World Ranking,https://inside.fifa.com/fifa-world-ranking/men,https://api.fifa.com/api/v3/rankings/?gender=1&count=300&language=en,id15136,ok,2026-06-15T14:12:32-0300
2026-06-11,Maldives,MDV,AFC,173,172,943.92,954.93,26,FIFA/Coca-Cola Men's World Ranking,https://inside.fifa.com/fifa-world-ranking/men,https://api.fifa.com/api/v3/rankings/?gender=1&count=300&language=en,id15136,ok,2026-06-15T14:12:32-0300
2026-06-11,Chinese Taipei,TPE,AFC,174,174,923.78,923.78,24,FIFA/Coca-Cola Men's World Ranking,https://inside.fifa.com/fifa-world-ranking/men,https://api.fifa.com/api/v3/rankings/?gender=1&count=300&language=en,id15136,ok,2026-06-15T14:12:32-0300
2026-06-11,Cambodia,CAM,AFC,175,177,922.32,911.54,31,FIFA/Coca-Cola Men's World Ranking,https://inside.fifa.com/fifa-world-ranking/men,https://api.fifa.com/api/v3/rankings/?gender=1&count=300&language=en,id15136,ok,2026-06-15T14:12:32-0300
2026-06-11,Montserrat,MSR,CONCACAF,176,175,916.75,916.75,18,FIFA/Coca-Cola Men's World Ranking,https://inside.fifa.com/fifa-world-ranking/men,https://api.fifa.com/api/v3/rankings/?gender=1&count=300&language=en,id15136,ok,2026-06-15T14:12:32-0300
2026-06-11,Nepal,NEP,AFC,177,176,914.54,914.54,33,FIFA/Coca-Cola Men's World Ranking,https://inside.fifa.com/fifa-world-ranking/men,https://api.fifa.com/api/v3/rankings/?gender=1&count=300&language=en,id15136,ok,2026-06-15T14:12:32-0300
2026-06-11,Mauritius,MRI,CAF,178,178,911.49,911.49,31,FIFA/Coca-Cola Men's World Ranking,https://inside.fifa.com/fifa-world-ranking/men,https://api.fifa.com/api/v3/rankings/?gender=1&count=300&language=en,id15136,ok,2026-06-15T14:12:32-0300
2026-06-11,Barbados,BRB,CONCACAF,179,179,909.89,909.89,24,FIFA/Coca-Cola Men's World Ranking,https://inside.fifa.com/fifa-world-ranking/men,https://api.fifa.com/api/v3/rankings/?gender=1&count=300&language=en,id15136,ok,2026-06-15T14:12:32-0300
2026-06-11,Belize,BLZ,CONCACAF,180,180,907,907,19,FIFA/Coca-Cola Men's World Ranking,https://inside.fifa.com/fifa-world-ranking/men,https://api.fifa.com/api/v3/rankings/?gender=1&count=300&language=en,id15136,ok,2026-06-15T14:12:32-0300
2026-06-11,Bangladesh,BAN,AFC,181,181,902.93,899.53,36,FIFA/Coca-Cola Men's World Ranking,https://inside.fifa.com/fifa-world-ranking/men,https://api.fifa.com/api/v3/rankings/?gender=1&count=300&language=en,id15136,ok,2026-06-15T14:12:32-0300
2026-06-11,Dominica,DMA,CONCACAF,182,182,897.69,897.69,20,FIFA/Coca-Cola Men's World Ranking,https://inside.fifa.com/fifa-world-ranking/men,https://api.fifa.com/api/v3/rankings/?gender=1&count=300&language=en,id15136,ok,2026-06-15T14:12:32-0300
2026-06-11,Chad,CHA,CAF,183,183,896.85,896.85,28,FIFA/Coca-Cola Men's World Ranking,https://inside.fifa.com/fifa-world-ranking/men,https://api.fifa.com/api/v3/rankings/?gender=1&count=300&language=en,id15136,ok,2026-06-15T14:12:32-0300
2026-06-11,Eritrea,ERI,CAF,184,184,887.06,887.06,2,FIFA/Coca-Cola Men's World Ranking,https://inside.fifa.com/fifa-world-ranking/men,https://api.fifa.com/api/v3/rankings/?gender=1&count=300&language=en,id15136,ok,2026-06-15T14:12:32-0300
2026-06-11,Laos,LAO,AFC,185,185,885.03,885.03,24,FIFA/Coca-Cola Men's World Ranking,https://inside.fifa.com/fifa-world-ranking/men,https://api.fifa.com/api/v3/rankings/?gender=1&count=300&language=en,id15136,ok,2026-06-15T14:12:32-0300
2026-06-11,Cook Islands,COK,OFC,186,188,877.53,877.53,8,FIFA/Coca-Cola Men's World Ranking,https://inside.fifa.com/fifa-world-ranking/men,https://api.fifa.com/api/v3/rankings/?gender=1&count=300&language=en,id15136,ok,2026-06-15T14:12:32-0300
2026-06-11,Sri Lanka,SRI,AFC,187,191,876.86,871.82,25,FIFA/Coca-Cola Men's World Ranking,https://inside.fifa.com/fifa-world-ranking/men,https://api.fifa.com/api/v3/rankings/?gender=1&count=300&language=en,id15136,ok,2026-06-15T14:12:32-0300
2026-06-11,Samoa,SAM,OFC,188,190,876.41,876.41,14,FIFA/Coca-Cola Men's World Ranking,https://inside.fifa.com/fifa-world-ranking/men,https://api.fifa.com/api/v3/rankings/?gender=1&count=300&language=en,id15136,ok,2026-06-15T14:12:32-0300
2026-06-11,Aruba,ARU,CONCACAF,189,189,875.61,877.3,20,FIFA/Coca-Cola Men's World Ranking,https://inside.fifa.com/fifa-world-ranking/men,https://api.fifa.com/api/v3/rankings/?gender=1&count=300&language=en,id15136,ok,2026-06-15T14:12:32-0300
2026-06-11,Mongolia,MNG,AFC,190,187,874.47,879.75,18,FIFA/Coca-Cola Men's World Ranking,https://inside.fifa.com/fifa-world-ranking/men,https://api.fifa.com/api/v3/rankings/?gender=1&count=300&language=en,id15136,ok,2026-06-15T14:12:32-0300
2026-06-11,American Samoa,ASA,OFC,191,192,871.61,871.61,7,FIFA/Coca-Cola Men's World Ranking,https://inside.fifa.com/fifa-world-ranking/men,https://api.fifa.com/api/v3/rankings/?gender=1&count=300&language=en,id15136,ok,2026-06-15T14:12:32-0300
2026-06-11,Bhutan,BHU,AFC,192,186,870.81,880.55,21,FIFA/Coca-Cola Men's World Ranking,https://inside.fifa.com/fifa-world-ranking/men,https://api.fifa.com/api/v3/rankings/?gender=1&count=300&language=en,id15136,ok,2026-06-15T14:12:32-0300
2026-06-11,Macau,MAC,AFC,193,194,858.03,858.03,12,FIFA/Coca-Cola Men's World Ranking,https://inside.fifa.com/fifa-world-ranking/men,https://api.fifa.com/api/v3/rankings/?gender=1&count=300&language=en,id15136,ok,2026-06-15T14:12:32-0300
2026-06-11,Brunei Darussalam,BRU,AFC,194,193,857.73,863.09,28,FIFA/Coca-Cola Men's World Ranking,https://inside.fifa.com/fifa-world-ranking/men,https://api.fifa.com/api/v3/rankings/?gender=1&count=300&language=en,id15136,ok,2026-06-15T14:12:32-0300
2026-06-11,São Tomé and Príncipe,STP,CAF,195,196,855.44,855.44,19,FIFA/Coca-Cola Men's World Ranking,https://inside.fifa.com/fifa-world-ranking/men,https://api.fifa.com/api/v3/rankings/?gender=1&count=300&language=en,id15136,ok,2026-06-15T14:12:32-0300
2026-06-11,Djibouti,DJI,CAF,196,197,853.58,853.58,25,FIFA/Coca-Cola Men's World Ranking,https://inside.fifa.com/fifa-world-ranking/men,https://api.fifa.com/api/v3/rankings/?gender=1&count=300&language=en,id15136,ok,2026-06-15T14:12:32-0300
2026-06-11,Cayman Islands,CAY,CONCACAF,197,195,850.06,855.45,19,FIFA/Coca-Cola Men's World Ranking,https://inside.fifa.com/fifa-world-ranking/men,https://api.fifa.com/api/v3/rankings/?gender=1&count=300&language=en,id15136,ok,2026-06-15T14:12:32-0300
2026-06-11,Pakistan,PAK,AFC,198,202,840.28,824.6,25,FIFA/Coca-Cola Men's World Ranking,https://inside.fifa.com/fifa-world-ranking/men,https://api.fifa.com/api/v3/rankings/?gender=1&count=300&language=en,id15136,ok,2026-06-15T14:12:32-0300
2026-06-11,Somalia,SOM,CAF,199,198,839.17,839.17,19,FIFA/Coca-Cola Men's World Ranking,https://inside.fifa.com/fifa-world-ranking/men,https://api.fifa.com/api/v3/rankings/?gender=1&count=300&language=en,id15136,ok,2026-06-15T14:12:32-0300
2026-06-11,Tonga,TGA,OFC,200,199,835.64,835.64,7,FIFA/Coca-Cola Men's World Ranking,https://inside.fifa.com/fifa-world-ranking/men,https://api.fifa.com/api/v3/rankings/?gender=1&count=300&language=en,id15136,ok,2026-06-15T14:12:32-0300
2026-06-11,Timor-Leste,TLS,AFC,201,200,831,825.64,20,FIFA/Coca-Cola Men's World Ranking,https://inside.fifa.com/fifa-world-ranking/men,https://api.fifa.com/api/v3/rankings/?gender=1&count=300&language=en,id15136,ok,2026-06-15T14:12:32-0300
2026-06-11,Gibraltar,GIB,UEFA,202,203,820.26,810.14,39,FIFA/Coca-Cola Men's World Ranking,https://inside.fifa.com/fifa-world-ranking/men,https://api.fifa.com/api/v3/rankings/?gender=1&count=300&language=en,id15136,ok,2026-06-15T14:12:32-0300
2026-06-11,Guam,GUM,AFC,203,201,819.54,825.43,8,FIFA/Coca-Cola Men's World Ranking,https://inside.fifa.com/fifa-world-ranking/men,https://api.fifa.com/api/v3/rankings/?gender=1&count=300&language=en,id15136,ok,2026-06-15T14:12:32-0300
2026-06-11,Seychelles,SEY,CAF,204,204,804.16,804.16,28,FIFA/Coca-Cola Men's World Ranking,https://inside.fifa.com/fifa-world-ranking/men,https://api.fifa.com/api/v3/rankings/?gender=1&count=300&language=en,id15136,ok,2026-06-15T14:12:32-0300
2026-06-11,Turks and Caicos Islands,TCA,CONCACAF,205,205,803.98,803.98,11,FIFA/Coca-Cola Men's World Ranking,https://inside.fifa.com/fifa-world-ranking/men,https://api.fifa.com/api/v3/rankings/?gender=1&count=300&language=en,id15136,ok,2026-06-15T14:12:32-0300
2026-06-11,Liechtenstein,LIE,UEFA,206,206,797.7,803.57,38,FIFA/Coca-Cola Men's World Ranking,https://inside.fifa.com/fifa-world-ranking/men,https://api.fifa.com/api/v3/rankings/?gender=1&count=300&language=en,id15136,ok,2026-06-15T14:12:32-0300
2026-06-11,Bahamas,BAH,CONCACAF,207,207,786.82,786.82,20,FIFA/Coca-Cola Men's World Ranking,https://inside.fifa.com/fifa-world-ranking/men,https://api.fifa.com/api/v3/rankings/?gender=1&count=300&language=en,id15136,ok,2026-06-15T14:12:32-0300
2026-06-11,US Virgin Islands,VIR,CONCACAF,208,209,779.76,779.76,14,FIFA/Coca-Cola Men's World Ranking,https://inside.fifa.com/fifa-world-ranking/men,https://api.fifa.com/api/v3/rankings/?gender=1&count=300&language=en,id15136,ok,2026-06-15T14:12:32-0300
2026-06-11,British Virgin Islands,VGB,CONCACAF,209,208,777.41,782.14,22,FIFA/Coca-Cola Men's World Ranking,https://inside.fifa.com/fifa-world-ranking/men,https://api.fifa.com/api/v3/rankings/?gender=1&count=300&language=en,id15136,ok,2026-06-15T14:12:32-0300
2026-06-11,Anguilla,AIA,CONCACAF,210,210,760.25,760.25,16,FIFA/Coca-Cola Men's World Ranking,https://inside.fifa.com/fifa-world-ranking/men,https://api.fifa.com/api/v3/rankings/?gender=1&count=300&language=en,id15136,ok,2026-06-15T14:12:32-0300
2026-06-11,San Marino,SMR,UEFA,211,211,721.2,726.33,38,FIFA/Coca-Cola Men's World Ranking,https://inside.fifa.com/fifa-world-ranking/men,https://api.fifa.com/api/v3/rankings/?gender=1&count=300&language=en,id15136,ok,2026-06-15T14:12:32-0300
